schema_version	broad_network	key_driver	mean_of_log_score	mean_of_log_score_standardized	ranking_runs	eligible_directional_runs	ranking_coverage_fraction	primary_directional_significant_runs	primary_directional_recurrence_fraction	mtDNA_encoded	network_display_order	driver_display_order_within_network	network_color	display_network	selection_rule	selected_network_count	sector_start_degrees	sector_end_degrees	sector_mid_degrees
phase12_kda_mean_of_log_summary_v1	Astrocytes	MT-CO2	2.46801985083669	1	34	34	1	8	0.235294117647059	TRUE	1	1	#009E73	Astrocytes	Top 3 MeanOfLog candidates per network with ranking coverage >= 0.8	6	90	75.5238095238095	82.7619047619048
phase12_kda_mean_of_log_summary_v1	Astrocytes	MT-CO3	1.84836176068891	0.748924997528805	34	34	1	8	0.235294117647059	TRUE	1	2	#009E73	Astrocytes	Top 3 MeanOfLog candidates per network with ranking coverage >= 0.8	4	74.5238095238095	60.047619047619	67.2857142857143
phase12_kda_mean_of_log_summary_v1	Astrocytes	MT-ATP6	1.46234770732125	0.592518616422593	34	34	1	8	0.235294117647059	TRUE	1	3	#009E73	Astrocytes	Top 3 MeanOfLog candidates per network with ranking coverage >= 0.8	2	59.047619047619	44.5714285714286	51.8095238095238
phase12_kda_mean_of_log_summary_v1	Excitatory_neurons	MT-CO2	5.24827016973452	1	133	133	1	48	0.360902255639098	TRUE	2	1	#E69F00	Excitatory neurons	Top 3 MeanOfLog candidates per network with ranking coverage >= 0.8	6	38.5714285714286	24.0952380952381	31.3333333333333
phase12_kda_mean_of_log_summary_v1	Excitatory_neurons	MT-CYB	2.38159189551985	0.453786070171064	133	133	1	36	0.270676691729323	TRUE	2	2	#E69F00	Excitatory neurons	Top 3 MeanOfLog candidates per network with ranking coverage >= 0.8	2	23.0952380952381	8.61904761904762	15.8571428571429
phase12_kda_mean_of_log_summary_v1	Excitatory_neurons	COX6B1	1.93706132536415	0.369085672558304	133	133	1	25	0.18796992481203	FALSE	2	3	#E69F00	Excitatory neurons	Top 3 MeanOfLog candidates per network with ranking coverage >= 0.8	1	7.61904761904762	-6.85714285714286	0.38095238095238
phase12_kda_mean_of_log_summary_v1	Inhibitory_neurons	MT-CO2	4.10333343768835	1	92	92	1	35	0.380434782608696	TRUE	3	1	#0072B2	Inhibitory neurons	Top 3 MeanOfLog candidates per network with ranking coverage >= 0.8	6	-12.8571428571429	-27.3333333333333	-20.0952380952381
phase12_kda_mean_of_log_summary_v1	Inhibitory_neurons	MT-ND5	3.32402459785915	0.81007908529407	92	92	1	35	0.380434782608696	TRUE	3	2	#0072B2	Inhibitory neurons	Top 3 MeanOfLog candidates per network with ranking coverage >= 0.8	1	-28.3333333333333	-42.8095238095238	-35.5714285714286
phase12_kda_mean_of_log_summary_v1	Inhibitory_neurons	MT-CYB	3.05441016095167	0.744372887881225	92	92	1	36	0.391304347826087	TRUE	3	3	#0072B2	Inhibitory neurons	Top 3 MeanOfLog candidates per network with ranking coverage >= 0.8	2	-43.8095238095238	-58.2857142857143	-51.047619047619
phase12_kda_mean_of_log_summary_v1	Microglia	MT-CO2	6.04194045885107	1	12	12	1	6	0.5	TRUE	4	1	#CC79A7	Microglia	Top 3 MeanOfLog candidates per network with ranking coverage >= 0.8	6	-64.2857142857143	-78.7619047619048	-71.5238095238095
phase12_kda_mean_of_log_summary_v1	Microglia	MT-ND4	2.01975408863208	0.334288975932106	12	12	1	4	0.333333333333333	TRUE	4	2	#CC79A7	Microglia	Top 3 MeanOfLog candidates per network with ranking coverage >= 0.8	2	-79.7619047619048	-94.2380952380952	-87
phase12_kda_mean_of_log_summary_v1	Microglia	MT-CO3	2.00983089633552	0.332646590946	12	12	1	5	0.416666666666667	TRUE	4	3	#CC79A7	Microglia	Top 3 MeanOfLog candidates per network with ranking coverage >= 0.8	4	-95.2380952380952	-109.714285714286	-102.47619047619
phase12_kda_mean_of_log_summary_v1	OPCs	RPS15	3.49352600262878	1	9	9	1	2	0.222222222222222	FALSE	5	1	#56B4E9	OPCs	Top 3 MeanOfLog candidates per network with ranking coverage >= 0.8	1	-115.714285714286	-130.190476190476	-122.952380952381
phase12_kda_mean_of_log_summary_v1	OPCs	MT-CO3	2.6209521102816	0.750231172834954	9	9	1	3	0.333333333333333	TRUE	5	2	#56B4E9	OPCs	Top 3 MeanOfLog candidates per network with ranking coverage >= 0.8	4	-131.190476190476	-145.666666666667	-138.428571428571
phase12_kda_mean_of_log_summary_v1	OPCs	FTL	2.20049333890025	0.629877475434401	9	9	1	2	0.222222222222222	FALSE	5	3	#56B4E9	OPCs	Top 3 MeanOfLog candidates per network with ranking coverage >= 0.8	1	-146.666666666667	-161.142857142857	-153.904761904762
phase12_kda_mean_of_log_summary_v1	Oligodendrocytes	MT-CO2	2.88016177957048	1	8	8	1	2	0.25	TRUE	6	1	#F0E442	Oligodendrocytes	Top 3 MeanOfLog candidates per network with ranking coverage >= 0.8	6	-167.142857142857	-181.619047619048	-174.380952380952
phase12_kda_mean_of_log_summary_v1	Oligodendrocytes	MT-ND4	1.65626640100431	0.575060197226598	8	8	1	2	0.25	TRUE	6	2	#F0E442	Oligodendrocytes	Top 3 MeanOfLog candidates per network with ranking coverage >= 0.8	2	-182.619047619048	-197.095238095238	-189.857142857143
phase12_kda_mean_of_log_summary_v1	Oligodendrocytes	COX4I1	1.32846714946026	0.461247405921196	8	8	1	2	0.25	FALSE	6	3	#F0E442	Oligodendrocytes	Top 3 MeanOfLog candidates per network with ranking coverage >= 0.8	1	-198.095238095238	-212.571428571429	-205.333333333333
phase12_kda_mean_of_log_summary_v1	Vasculature_cells	MT-CO3	10.6163893659032	1	7	7	1	5	0.714285714285714	TRUE	7	1	#D55E00	Vasculature	Top 3 MeanOfLog candidates per network with ranking coverage >= 0.8	4	-218.571428571429	-233.047619047619	-225.809523809524
phase12_kda_mean_of_log_summary_v1	Vasculature_cells	MT-CO2	5.62989013342793	0.530301775809912	7	7	1	5	0.714285714285714	TRUE	7	2	#D55E00	Vasculature	Top 3 MeanOfLog candidates per network with ranking coverage >= 0.8	6	-234.047619047619	-248.52380952381	-241.285714285714
phase12_kda_mean_of_log_summary_v1	Vasculature_cells	MT-ATP6	4.79810017941594	0.451952166979299	7	7	1	5	0.714285714285714	TRUE	7	3	#D55E00	Vasculature	Top 3 MeanOfLog candidates per network with ranking coverage >= 0.8	2	-249.52380952381	-264	-256.761904761905
