schema_version	report_type	summary_scope	broad_network	case_id	filter_number	filter_name	ordered_funnel_step	counting_unit	input_n	pass_n	fail_n	cumulative_remaining_n	input_distinct_gene_n	pass_distinct_gene_n	fail_distinct_gene_n	remaining_distinct_gene_n	explicit_n	implicit_n	absent_n	invalid_n	not_testable_n	failure_reason
mitochondrial_key_driver_selection_v1_filter_funnel_v1	native_filter	overall	ALL	ALL	1	frozen_run_scope	1	run_slot	648	161	487	161	NA	NA	NA	NA	NA	NA	NA	0	NA	phase12_ineligible_or_query_below_10
mitochondrial_key_driver_selection_v1_filter_funnel_v1	native_filter	broad_network	Astrocytes	ALL	1	frozen_run_scope	1	run_slot	36	21	15	21	NA	NA	NA	NA	NA	NA	NA	0	NA	phase12_ineligible_or_query_below_10
mitochondrial_key_driver_selection_v1_filter_funnel_v1	native_filter	broad_network	CAMs	ALL	1	frozen_run_scope	1	run_slot	12	0	12	0	NA	NA	NA	NA	NA	NA	NA	0	NA	phase12_ineligible_or_query_below_10
mitochondrial_key_driver_selection_v1_filter_funnel_v1	native_filter	broad_network	Excitatory_neurons	ALL	1	frozen_run_scope	1	run_slot	168	97	71	97	NA	NA	NA	NA	NA	NA	NA	0	NA	phase12_ineligible_or_query_below_10
mitochondrial_key_driver_selection_v1_filter_funnel_v1	native_filter	broad_network	Inhibitory_neurons	ALL	1	frozen_run_scope	1	run_slot	300	28	272	28	NA	NA	NA	NA	NA	NA	NA	0	NA	phase12_ineligible_or_query_below_10
mitochondrial_key_driver_selection_v1_filter_funnel_v1	native_filter	broad_network	Microglia	ALL	1	frozen_run_scope	1	run_slot	36	6	30	6	NA	NA	NA	NA	NA	NA	NA	0	NA	phase12_ineligible_or_query_below_10
mitochondrial_key_driver_selection_v1_filter_funnel_v1	native_filter	broad_network	OPCs	ALL	1	frozen_run_scope	1	run_slot	12	6	6	6	NA	NA	NA	NA	NA	NA	NA	0	NA	phase12_ineligible_or_query_below_10
mitochondrial_key_driver_selection_v1_filter_funnel_v1	native_filter	broad_network	Oligodendrocytes	ALL	1	frozen_run_scope	1	run_slot	12	2	10	2	NA	NA	NA	NA	NA	NA	NA	0	NA	phase12_ineligible_or_query_below_10
mitochondrial_key_driver_selection_v1_filter_funnel_v1	native_filter	broad_network	T_cells	ALL	1	frozen_run_scope	1	run_slot	12	0	12	0	NA	NA	NA	NA	NA	NA	NA	0	NA	phase12_ineligible_or_query_below_10
mitochondrial_key_driver_selection_v1_filter_funnel_v1	native_filter	broad_network	Vasculature_cells	ALL	1	frozen_run_scope	1	run_slot	60	1	59	1	NA	NA	NA	NA	NA	NA	NA	0	NA	phase12_ineligible_or_query_below_10
mitochondrial_key_driver_selection_v1_filter_funnel_v1	native_filter	overall	ALL	ALL	2	usable_gene_level_result	2	gene_included_run_opportunity	1463150	1299782	163368	1299782	12221	12221	8741	12221	95557	1204225	163368	0	163368	absent_from_run_background
mitochondrial_key_driver_selection_v1_filter_funnel_v1	native_filter	broad_network	Astrocytes	ALL	2	usable_gene_level_result	2	gene_included_run_opportunity	157206	136236	20970	136236	7486	7486	2425	7486	8357	127879	20970	0	20970	absent_from_run_background
mitochondrial_key_driver_selection_v1_filter_funnel_v1	native_filter	broad_network	CAMs	ALL	2	usable_gene_level_result	2	gene_included_run_opportunity	0	0	0	0	0	0	0	0	0	0	0	0	0	absent_from_run_background
mitochondrial_key_driver_selection_v1_filter_funnel_v1	native_filter	broad_network	Excitatory_neurons	ALL	2	usable_gene_level_result	2	gene_included_run_opportunity	962822	855484	107338	855484	9926	9926	6840	9926	69907	785577	107338	0	107338	absent_from_run_background
mitochondrial_key_driver_selection_v1_filter_funnel_v1	native_filter	broad_network	Inhibitory_neurons	ALL	2	usable_gene_level_result	2	gene_included_run_opportunity	253288	225504	27784	225504	9046	9046	3309	9046	12939	212565	27784	0	27784	absent_from_run_background
mitochondrial_key_driver_selection_v1_filter_funnel_v1	native_filter	broad_network	Microglia	ALL	2	usable_gene_level_result	2	gene_included_run_opportunity	31488	26694	4794	26694	5248	5248	1364	5248	1673	25021	4794	0	4794	absent_from_run_background
mitochondrial_key_driver_selection_v1_filter_funnel_v1	native_filter	broad_network	OPCs	ALL	2	usable_gene_level_result	2	gene_included_run_opportunity	45396	42914	2482	42914	7566	7566	834	7566	2232	40682	2482	0	2482	absent_from_run_background
mitochondrial_key_driver_selection_v1_filter_funnel_v1	native_filter	broad_network	Oligodendrocytes	ALL	2	usable_gene_level_result	2	gene_included_run_opportunity	9264	9264	0	9264	4632	4632	0	4632	382	8882	0	0	0	absent_from_run_background
mitochondrial_key_driver_selection_v1_filter_funnel_v1	native_filter	broad_network	T_cells	ALL	2	usable_gene_level_result	2	gene_included_run_opportunity	0	0	0	0	0	0	0	0	0	0	0	0	0	absent_from_run_background
mitochondrial_key_driver_selection_v1_filter_funnel_v1	native_filter	broad_network	Vasculature_cells	ALL	2	usable_gene_level_result	2	gene_included_run_opportunity	3686	3686	0	3686	3686	3686	0	3686	67	3619	0	0	0	absent_from_run_background
mitochondrial_key_driver_selection_v1_filter_funnel_v1	sequential_candidate_funnel	overall	ALL	ALL	3	conservative_support	3	gene_broad_network_case_aggregate	49618	292	49326	292	12221	202	12212	202	NA	NA	NA	0	0	no_conservative_support
mitochondrial_key_driver_selection_v1_filter_funnel_v1	sequential_candidate_funnel	overall	ALL	ALL	4	coverage	4	gene_broad_network_case_aggregate	292	283	9	283	202	194	9	194	NA	NA	NA	0	0	coverage_below_0_80
mitochondrial_key_driver_selection_v1_filter_funnel_v1	sequential_candidate_funnel	overall	ALL	ALL	5	aggregate_evidence	5	gene_broad_network_case_aggregate	283	109	174	109	194	57	155	57	NA	NA	NA	0	0	acat_q_above_0_05_or_not_testable
mitochondrial_key_driver_selection_v1_filter_funnel_v1	independent_gate	overall	ALL	ALL	3	conservative_support	3	gene_broad_network_case_aggregate	49618	292	49326	292	12221	202	12212	202	NA	NA	NA	0	0	no_conservative_support
mitochondrial_key_driver_selection_v1_filter_funnel_v1	independent_gate	overall	ALL	ALL	4	coverage	4	gene_broad_network_case_aggregate	49618	42530	7088	42530	12221	10880	5448	10880	NA	NA	NA	0	0	coverage_below_0_80
mitochondrial_key_driver_selection_v1_filter_funnel_v1	independent_gate	overall	ALL	ALL	5	aggregate_evidence	5	gene_broad_network_case_aggregate	49618	109	49509	109	12221	57	12219	57	NA	NA	NA	0	0	acat_q_above_0_05_or_not_testable
mitochondrial_key_driver_selection_v1_filter_funnel_v1	sequential_candidate_funnel	broad_network	Astrocytes	ALL	3	conservative_support	3	gene_broad_network_case_aggregate	7885	33	7852	33	7486	31	7463	31	NA	NA	NA	0	0	no_conservative_support
mitochondrial_key_driver_selection_v1_filter_funnel_v1	sequential_candidate_funnel	broad_network	Astrocytes	ALL	4	coverage	4	gene_broad_network_case_aggregate	33	31	2	31	31	29	2	29	NA	NA	NA	0	0	coverage_below_0_80
mitochondrial_key_driver_selection_v1_filter_funnel_v1	sequential_candidate_funnel	broad_network	Astrocytes	ALL	5	aggregate_evidence	5	gene_broad_network_case_aggregate	31	13	18	13	29	11	18	11	NA	NA	NA	0	0	acat_q_above_0_05_or_not_testable
mitochondrial_key_driver_selection_v1_filter_funnel_v1	independent_gate	broad_network	Astrocytes	ALL	3	conservative_support	3	gene_broad_network_case_aggregate	7885	33	7852	33	7486	31	7463	31	NA	NA	NA	0	0	no_conservative_support
mitochondrial_key_driver_selection_v1_filter_funnel_v1	independent_gate	broad_network	Astrocytes	ALL	4	coverage	4	gene_broad_network_case_aggregate	7885	6201	1684	6201	7486	5878	1684	5878	NA	NA	NA	0	0	coverage_below_0_80
mitochondrial_key_driver_selection_v1_filter_funnel_v1	independent_gate	broad_network	Astrocytes	ALL	5	aggregate_evidence	5	gene_broad_network_case_aggregate	7885	13	7872	13	7486	11	7479	11	NA	NA	NA	0	0	acat_q_above_0_05_or_not_testable
mitochondrial_key_driver_selection_v1_filter_funnel_v1	sequential_candidate_funnel	broad_network_case	Astrocytes	case1_core_mito_in_query	3	conservative_support	3	gene_broad_network_case_aggregate	399	10	389	10	399	10	389	10	NA	NA	NA	0	0	no_conservative_support
mitochondrial_key_driver_selection_v1_filter_funnel_v1	sequential_candidate_funnel	broad_network_case	Astrocytes	case1_core_mito_in_query	4	coverage	4	gene_broad_network_case_aggregate	10	10	0	10	10	10	0	10	NA	NA	NA	0	0	coverage_below_0_80
mitochondrial_key_driver_selection_v1_filter_funnel_v1	sequential_candidate_funnel	broad_network_case	Astrocytes	case1_core_mito_in_query	5	aggregate_evidence	5	gene_broad_network_case_aggregate	10	6	4	6	10	6	4	6	NA	NA	NA	0	0	acat_q_above_0_05_or_not_testable
mitochondrial_key_driver_selection_v1_filter_funnel_v1	independent_gate	broad_network_case	Astrocytes	case1_core_mito_in_query	3	conservative_support	3	gene_broad_network_case_aggregate	399	10	389	10	399	10	389	10	NA	NA	NA	0	0	no_conservative_support
mitochondrial_key_driver_selection_v1_filter_funnel_v1	independent_gate	broad_network_case	Astrocytes	case1_core_mito_in_query	4	coverage	4	gene_broad_network_case_aggregate	399	399	0	399	399	399	0	399	NA	NA	NA	0	0	coverage_below_0_80
mitochondrial_key_driver_selection_v1_filter_funnel_v1	independent_gate	broad_network_case	Astrocytes	case1_core_mito_in_query	5	aggregate_evidence	5	gene_broad_network_case_aggregate	399	6	393	6	399	6	393	6	NA	NA	NA	0	0	acat_q_above_0_05_or_not_testable
mitochondrial_key_driver_selection_v1_filter_funnel_v1	sequential_candidate_funnel	broad_network_case	Astrocytes	case2_core_mito_not_in_query	3	conservative_support	3	gene_broad_network_case_aggregate	605	2	603	2	605	2	603	2	NA	NA	NA	0	0	no_conservative_support
mitochondrial_key_driver_selection_v1_filter_funnel_v1	sequential_candidate_funnel	broad_network_case	Astrocytes	case2_core_mito_not_in_query	4	coverage	4	gene_broad_network_case_aggregate	2	2	0	2	2	2	0	2	NA	NA	NA	0	0	coverage_below_0_80
mitochondrial_key_driver_selection_v1_filter_funnel_v1	sequential_candidate_funnel	broad_network_case	Astrocytes	case2_core_mito_not_in_query	5	aggregate_evidence	5	gene_broad_network_case_aggregate	2	2	0	2	2	2	0	2	NA	NA	NA	0	0	acat_q_above_0_05_or_not_testable
mitochondrial_key_driver_selection_v1_filter_funnel_v1	independent_gate	broad_network_case	Astrocytes	case2_core_mito_not_in_query	3	conservative_support	3	gene_broad_network_case_aggregate	605	2	603	2	605	2	603	2	NA	NA	NA	0	0	no_conservative_support
mitochondrial_key_driver_selection_v1_filter_funnel_v1	independent_gate	broad_network_case	Astrocytes	case2_core_mito_not_in_query	4	coverage	4	gene_broad_network_case_aggregate	605	437	168	437	605	437	168	437	NA	NA	NA	0	0	coverage_below_0_80
mitochondrial_key_driver_selection_v1_filter_funnel_v1	independent_gate	broad_network_case	Astrocytes	case2_core_mito_not_in_query	5	aggregate_evidence	5	gene_broad_network_case_aggregate	605	2	603	2	605	2	603	2	NA	NA	NA	0	0	acat_q_above_0_05_or_not_testable
mitochondrial_key_driver_selection_v1_filter_funnel_v1	sequential_candidate_funnel	broad_network_case	Astrocytes	case3_not_core_mito	3	conservative_support	3	gene_broad_network_case_aggregate	6881	21	6860	21	6881	21	6860	21	NA	NA	NA	0	0	no_conservative_support
mitochondrial_key_driver_selection_v1_filter_funnel_v1	sequential_candidate_funnel	broad_network_case	Astrocytes	case3_not_core_mito	4	coverage	4	gene_broad_network_case_aggregate	21	19	2	19	21	19	2	19	NA	NA	NA	0	0	coverage_below_0_80
mitochondrial_key_driver_selection_v1_filter_funnel_v1	sequential_candidate_funnel	broad_network_case	Astrocytes	case3_not_core_mito	5	aggregate_evidence	5	gene_broad_network_case_aggregate	19	5	14	5	19	5	14	5	NA	NA	NA	0	0	acat_q_above_0_05_or_not_testable
mitochondrial_key_driver_selection_v1_filter_funnel_v1	independent_gate	broad_network_case	Astrocytes	case3_not_core_mito	3	conservative_support	3	gene_broad_network_case_aggregate	6881	21	6860	21	6881	21	6860	21	NA	NA	NA	0	0	no_conservative_support
mitochondrial_key_driver_selection_v1_filter_funnel_v1	independent_gate	broad_network_case	Astrocytes	case3_not_core_mito	4	coverage	4	gene_broad_network_case_aggregate	6881	5365	1516	5365	6881	5365	1516	5365	NA	NA	NA	0	0	coverage_below_0_80
mitochondrial_key_driver_selection_v1_filter_funnel_v1	independent_gate	broad_network_case	Astrocytes	case3_not_core_mito	5	aggregate_evidence	5	gene_broad_network_case_aggregate	6881	5	6876	5	6881	5	6876	5	NA	NA	NA	0	0	acat_q_above_0_05_or_not_testable
mitochondrial_key_driver_selection_v1_filter_funnel_v1	sequential_candidate_funnel	broad_network	Excitatory_neurons	ALL	3	conservative_support	3	gene_broad_network_case_aggregate	10700	156	10544	156	9926	136	9813	136	NA	NA	NA	0	0	no_conservative_support
mitochondrial_key_driver_selection_v1_filter_funnel_v1	sequential_candidate_funnel	broad_network	Excitatory_neurons	ALL	4	coverage	4	gene_broad_network_case_aggregate	156	151	5	151	136	131	5	131	NA	NA	NA	0	0	coverage_below_0_80
mitochondrial_key_driver_selection_v1_filter_funnel_v1	sequential_candidate_funnel	broad_network	Excitatory_neurons	ALL	5	aggregate_evidence	5	gene_broad_network_case_aggregate	151	49	102	49	131	40	97	40	NA	NA	NA	0	0	acat_q_above_0_05_or_not_testable
mitochondrial_key_driver_selection_v1_filter_funnel_v1	independent_gate	broad_network	Excitatory_neurons	ALL	3	conservative_support	3	gene_broad_network_case_aggregate	10700	156	10544	156	9926	136	9813	136	NA	NA	NA	0	0	no_conservative_support
mitochondrial_key_driver_selection_v1_filter_funnel_v1	independent_gate	broad_network	Excitatory_neurons	ALL	4	coverage	4	gene_broad_network_case_aggregate	10700	9255	1445	9255	9926	8586	1445	8586	NA	NA	NA	0	0	coverage_below_0_80
mitochondrial_key_driver_selection_v1_filter_funnel_v1	independent_gate	broad_network	Excitatory_neurons	ALL	5	aggregate_evidence	5	gene_broad_network_case_aggregate	10700	49	10651	49	9926	40	9896	40	NA	NA	NA	0	0	acat_q_above_0_05_or_not_testable
mitochondrial_key_driver_selection_v1_filter_funnel_v1	sequential_candidate_funnel	broad_network_case	Excitatory_neurons	case1_core_mito_in_query	3	conservative_support	3	gene_broad_network_case_aggregate	774	39	735	39	774	39	735	39	NA	NA	NA	0	0	no_conservative_support
mitochondrial_key_driver_selection_v1_filter_funnel_v1	sequential_candidate_funnel	broad_network_case	Excitatory_neurons	case1_core_mito_in_query	4	coverage	4	gene_broad_network_case_aggregate	39	39	0	39	39	39	0	39	NA	NA	NA	0	0	coverage_below_0_80
mitochondrial_key_driver_selection_v1_filter_funnel_v1	sequential_candidate_funnel	broad_network_case	Excitatory_neurons	case1_core_mito_in_query	5	aggregate_evidence	5	gene_broad_network_case_aggregate	39	19	20	19	39	19	20	19	NA	NA	NA	0	0	acat_q_above_0_05_or_not_testable
mitochondrial_key_driver_selection_v1_filter_funnel_v1	independent_gate	broad_network_case	Excitatory_neurons	case1_core_mito_in_query	3	conservative_support	3	gene_broad_network_case_aggregate	774	39	735	39	774	39	735	39	NA	NA	NA	0	0	no_conservative_support
mitochondrial_key_driver_selection_v1_filter_funnel_v1	independent_gate	broad_network_case	Excitatory_neurons	case1_core_mito_in_query	4	coverage	4	gene_broad_network_case_aggregate	774	774	0	774	774	774	0	774	NA	NA	NA	0	0	coverage_below_0_80
mitochondrial_key_driver_selection_v1_filter_funnel_v1	independent_gate	broad_network_case	Excitatory_neurons	case1_core_mito_in_query	5	aggregate_evidence	5	gene_broad_network_case_aggregate	774	19	755	19	774	19	755	19	NA	NA	NA	0	0	acat_q_above_0_05_or_not_testable
mitochondrial_key_driver_selection_v1_filter_funnel_v1	sequential_candidate_funnel	broad_network_case	Excitatory_neurons	case2_core_mito_not_in_query	3	conservative_support	3	gene_broad_network_case_aggregate	825	24	801	24	825	24	801	24	NA	NA	NA	0	0	no_conservative_support
mitochondrial_key_driver_selection_v1_filter_funnel_v1	sequential_candidate_funnel	broad_network_case	Excitatory_neurons	case2_core_mito_not_in_query	4	coverage	4	gene_broad_network_case_aggregate	24	23	1	23	24	23	1	23	NA	NA	NA	0	0	coverage_below_0_80
mitochondrial_key_driver_selection_v1_filter_funnel_v1	sequential_candidate_funnel	broad_network_case	Excitatory_neurons	case2_core_mito_not_in_query	5	aggregate_evidence	5	gene_broad_network_case_aggregate	23	9	14	9	23	9	14	9	NA	NA	NA	0	0	acat_q_above_0_05_or_not_testable
mitochondrial_key_driver_selection_v1_filter_funnel_v1	independent_gate	broad_network_case	Excitatory_neurons	case2_core_mito_not_in_query	3	conservative_support	3	gene_broad_network_case_aggregate	825	24	801	24	825	24	801	24	NA	NA	NA	0	0	no_conservative_support
mitochondrial_key_driver_selection_v1_filter_funnel_v1	independent_gate	broad_network_case	Excitatory_neurons	case2_core_mito_not_in_query	4	coverage	4	gene_broad_network_case_aggregate	825	716	109	716	825	716	109	716	NA	NA	NA	0	0	coverage_below_0_80
mitochondrial_key_driver_selection_v1_filter_funnel_v1	independent_gate	broad_network_case	Excitatory_neurons	case2_core_mito_not_in_query	5	aggregate_evidence	5	gene_broad_network_case_aggregate	825	9	816	9	825	9	816	9	NA	NA	NA	0	0	acat_q_above_0_05_or_not_testable
mitochondrial_key_driver_selection_v1_filter_funnel_v1	sequential_candidate_funnel	broad_network_case	Excitatory_neurons	case3_not_core_mito	3	conservative_support	3	gene_broad_network_case_aggregate	9101	93	9008	93	9101	93	9008	93	NA	NA	NA	0	0	no_conservative_support
mitochondrial_key_driver_selection_v1_filter_funnel_v1	sequential_candidate_funnel	broad_network_case	Excitatory_neurons	case3_not_core_mito	4	coverage	4	gene_broad_network_case_aggregate	93	89	4	89	93	89	4	89	NA	NA	NA	0	0	coverage_below_0_80
mitochondrial_key_driver_selection_v1_filter_funnel_v1	sequential_candidate_funnel	broad_network_case	Excitatory_neurons	case3_not_core_mito	5	aggregate_evidence	5	gene_broad_network_case_aggregate	89	21	68	21	89	21	68	21	NA	NA	NA	0	0	acat_q_above_0_05_or_not_testable
mitochondrial_key_driver_selection_v1_filter_funnel_v1	independent_gate	broad_network_case	Excitatory_neurons	case3_not_core_mito	3	conservative_support	3	gene_broad_network_case_aggregate	9101	93	9008	93	9101	93	9008	93	NA	NA	NA	0	0	no_conservative_support
mitochondrial_key_driver_selection_v1_filter_funnel_v1	independent_gate	broad_network_case	Excitatory_neurons	case3_not_core_mito	4	coverage	4	gene_broad_network_case_aggregate	9101	7765	1336	7765	9101	7765	1336	7765	NA	NA	NA	0	0	coverage_below_0_80
mitochondrial_key_driver_selection_v1_filter_funnel_v1	independent_gate	broad_network_case	Excitatory_neurons	case3_not_core_mito	5	aggregate_evidence	5	gene_broad_network_case_aggregate	9101	21	9080	21	9101	21	9080	21	NA	NA	NA	0	0	acat_q_above_0_05_or_not_testable
mitochondrial_key_driver_selection_v1_filter_funnel_v1	sequential_candidate_funnel	broad_network	Inhibitory_neurons	ALL	3	conservative_support	3	gene_broad_network_case_aggregate	9570	60	9510	60	9046	50	9001	50	NA	NA	NA	0	0	no_conservative_support
mitochondrial_key_driver_selection_v1_filter_funnel_v1	sequential_candidate_funnel	broad_network	Inhibitory_neurons	ALL	4	coverage	4	gene_broad_network_case_aggregate	60	60	0	60	50	50	0	50	NA	NA	NA	0	0	coverage_below_0_80
mitochondrial_key_driver_selection_v1_filter_funnel_v1	sequential_candidate_funnel	broad_network	Inhibitory_neurons	ALL	5	aggregate_evidence	5	gene_broad_network_case_aggregate	60	26	34	26	50	17	34	17	NA	NA	NA	0	0	acat_q_above_0_05_or_not_testable
mitochondrial_key_driver_selection_v1_filter_funnel_v1	independent_gate	broad_network	Inhibitory_neurons	ALL	3	conservative_support	3	gene_broad_network_case_aggregate	9570	60	9510	60	9046	50	9001	50	NA	NA	NA	0	0	no_conservative_support
mitochondrial_key_driver_selection_v1_filter_funnel_v1	independent_gate	broad_network	Inhibitory_neurons	ALL	4	coverage	4	gene_broad_network_case_aggregate	9570	7710	1860	7710	9046	7276	1860	7276	NA	NA	NA	0	0	coverage_below_0_80
mitochondrial_key_driver_selection_v1_filter_funnel_v1	independent_gate	broad_network	Inhibitory_neurons	ALL	5	aggregate_evidence	5	gene_broad_network_case_aggregate	9570	26	9544	26	9046	17	9032	17	NA	NA	NA	0	0	acat_q_above_0_05_or_not_testable
mitochondrial_key_driver_selection_v1_filter_funnel_v1	sequential_candidate_funnel	broad_network_case	Inhibitory_neurons	case1_core_mito_in_query	3	conservative_support	3	gene_broad_network_case_aggregate	524	14	510	14	524	14	510	14	NA	NA	NA	0	0	no_conservative_support
mitochondrial_key_driver_selection_v1_filter_funnel_v1	sequential_candidate_funnel	broad_network_case	Inhibitory_neurons	case1_core_mito_in_query	4	coverage	4	gene_broad_network_case_aggregate	14	14	0	14	14	14	0	14	NA	NA	NA	0	0	coverage_below_0_80
mitochondrial_key_driver_selection_v1_filter_funnel_v1	sequential_candidate_funnel	broad_network_case	Inhibitory_neurons	case1_core_mito_in_query	5	aggregate_evidence	5	gene_broad_network_case_aggregate	14	12	2	12	14	12	2	12	NA	NA	NA	0	0	acat_q_above_0_05_or_not_testable
mitochondrial_key_driver_selection_v1_filter_funnel_v1	independent_gate	broad_network_case	Inhibitory_neurons	case1_core_mito_in_query	3	conservative_support	3	gene_broad_network_case_aggregate	524	14	510	14	524	14	510	14	NA	NA	NA	0	0	no_conservative_support
mitochondrial_key_driver_selection_v1_filter_funnel_v1	independent_gate	broad_network_case	Inhibitory_neurons	case1_core_mito_in_query	4	coverage	4	gene_broad_network_case_aggregate	524	524	0	524	524	524	0	524	NA	NA	NA	0	0	coverage_below_0_80
mitochondrial_key_driver_selection_v1_filter_funnel_v1	independent_gate	broad_network_case	Inhibitory_neurons	case1_core_mito_in_query	5	aggregate_evidence	5	gene_broad_network_case_aggregate	524	12	512	12	524	12	512	12	NA	NA	NA	0	0	acat_q_above_0_05_or_not_testable
mitochondrial_key_driver_selection_v1_filter_funnel_v1	sequential_candidate_funnel	broad_network_case	Inhibitory_neurons	case2_core_mito_not_in_query	3	conservative_support	3	gene_broad_network_case_aggregate	724	12	712	12	724	12	712	12	NA	NA	NA	0	0	no_conservative_support
mitochondrial_key_driver_selection_v1_filter_funnel_v1	sequential_candidate_funnel	broad_network_case	Inhibitory_neurons	case2_core_mito_not_in_query	4	coverage	4	gene_broad_network_case_aggregate	12	12	0	12	12	12	0	12	NA	NA	NA	0	0	coverage_below_0_80
mitochondrial_key_driver_selection_v1_filter_funnel_v1	sequential_candidate_funnel	broad_network_case	Inhibitory_neurons	case2_core_mito_not_in_query	5	aggregate_evidence	5	gene_broad_network_case_aggregate	12	9	3	9	12	9	3	9	NA	NA	NA	0	0	acat_q_above_0_05_or_not_testable
mitochondrial_key_driver_selection_v1_filter_funnel_v1	independent_gate	broad_network_case	Inhibitory_neurons	case2_core_mito_not_in_query	3	conservative_support	3	gene_broad_network_case_aggregate	724	12	712	12	724	12	712	12	NA	NA	NA	0	0	no_conservative_support
mitochondrial_key_driver_selection_v1_filter_funnel_v1	independent_gate	broad_network_case	Inhibitory_neurons	case2_core_mito_not_in_query	4	coverage	4	gene_broad_network_case_aggregate	724	578	146	578	724	578	146	578	NA	NA	NA	0	0	coverage_below_0_80
mitochondrial_key_driver_selection_v1_filter_funnel_v1	independent_gate	broad_network_case	Inhibitory_neurons	case2_core_mito_not_in_query	5	aggregate_evidence	5	gene_broad_network_case_aggregate	724	9	715	9	724	9	715	9	NA	NA	NA	0	0	acat_q_above_0_05_or_not_testable
mitochondrial_key_driver_selection_v1_filter_funnel_v1	sequential_candidate_funnel	broad_network_case	Inhibitory_neurons	case3_not_core_mito	3	conservative_support	3	gene_broad_network_case_aggregate	8322	34	8288	34	8322	34	8288	34	NA	NA	NA	0	0	no_conservative_support
mitochondrial_key_driver_selection_v1_filter_funnel_v1	sequential_candidate_funnel	broad_network_case	Inhibitory_neurons	case3_not_core_mito	4	coverage	4	gene_broad_network_case_aggregate	34	34	0	34	34	34	0	34	NA	NA	NA	0	0	coverage_below_0_80
mitochondrial_key_driver_selection_v1_filter_funnel_v1	sequential_candidate_funnel	broad_network_case	Inhibitory_neurons	case3_not_core_mito	5	aggregate_evidence	5	gene_broad_network_case_aggregate	34	5	29	5	34	5	29	5	NA	NA	NA	0	0	acat_q_above_0_05_or_not_testable
mitochondrial_key_driver_selection_v1_filter_funnel_v1	independent_gate	broad_network_case	Inhibitory_neurons	case3_not_core_mito	3	conservative_support	3	gene_broad_network_case_aggregate	8322	34	8288	34	8322	34	8288	34	NA	NA	NA	0	0	no_conservative_support
mitochondrial_key_driver_selection_v1_filter_funnel_v1	independent_gate	broad_network_case	Inhibitory_neurons	case3_not_core_mito	4	coverage	4	gene_broad_network_case_aggregate	8322	6608	1714	6608	8322	6608	1714	6608	NA	NA	NA	0	0	coverage_below_0_80
mitochondrial_key_driver_selection_v1_filter_funnel_v1	independent_gate	broad_network_case	Inhibitory_neurons	case3_not_core_mito	5	aggregate_evidence	5	gene_broad_network_case_aggregate	8322	5	8317	5	8322	5	8317	5	NA	NA	NA	0	0	acat_q_above_0_05_or_not_testable
mitochondrial_key_driver_selection_v1_filter_funnel_v1	sequential_candidate_funnel	broad_network	Microglia	ALL	3	conservative_support	3	gene_broad_network_case_aggregate	5363	12	5351	12	5248	11	5239	11	NA	NA	NA	0	0	no_conservative_support
mitochondrial_key_driver_selection_v1_filter_funnel_v1	sequential_candidate_funnel	broad_network	Microglia	ALL	4	coverage	4	gene_broad_network_case_aggregate	12	10	2	10	11	9	2	9	NA	NA	NA	0	0	coverage_below_0_80
mitochondrial_key_driver_selection_v1_filter_funnel_v1	sequential_candidate_funnel	broad_network	Microglia	ALL	5	aggregate_evidence	5	gene_broad_network_case_aggregate	10	4	6	4	9	3	6	3	NA	NA	NA	0	0	acat_q_above_0_05_or_not_testable
mitochondrial_key_driver_selection_v1_filter_funnel_v1	independent_gate	broad_network	Microglia	ALL	3	conservative_support	3	gene_broad_network_case_aggregate	5363	12	5351	12	5248	11	5239	11	NA	NA	NA	0	0	no_conservative_support
mitochondrial_key_driver_selection_v1_filter_funnel_v1	independent_gate	broad_network	Microglia	ALL	4	coverage	4	gene_broad_network_case_aggregate	5363	4064	1299	4064	5248	3960	1299	3960	NA	NA	NA	0	0	coverage_below_0_80
mitochondrial_key_driver_selection_v1_filter_funnel_v1	independent_gate	broad_network	Microglia	ALL	5	aggregate_evidence	5	gene_broad_network_case_aggregate	5363	4	5359	4	5248	3	5246	3	NA	NA	NA	0	0	acat_q_above_0_05_or_not_testable
mitochondrial_key_driver_selection_v1_filter_funnel_v1	sequential_candidate_funnel	broad_network_case	Microglia	case1_core_mito_in_query	3	conservative_support	3	gene_broad_network_case_aggregate	115	3	112	3	115	3	112	3	NA	NA	NA	0	0	no_conservative_support
mitochondrial_key_driver_selection_v1_filter_funnel_v1	sequential_candidate_funnel	broad_network_case	Microglia	case1_core_mito_in_query	4	coverage	4	gene_broad_network_case_aggregate	3	3	0	3	3	3	0	3	NA	NA	NA	0	0	coverage_below_0_80
mitochondrial_key_driver_selection_v1_filter_funnel_v1	sequential_candidate_funnel	broad_network_case	Microglia	case1_core_mito_in_query	5	aggregate_evidence	5	gene_broad_network_case_aggregate	3	2	1	2	3	2	1	2	NA	NA	NA	0	0	acat_q_above_0_05_or_not_testable
mitochondrial_key_driver_selection_v1_filter_funnel_v1	independent_gate	broad_network_case	Microglia	case1_core_mito_in_query	3	conservative_support	3	gene_broad_network_case_aggregate	115	3	112	3	115	3	112	3	NA	NA	NA	0	0	no_conservative_support
mitochondrial_key_driver_selection_v1_filter_funnel_v1	independent_gate	broad_network_case	Microglia	case1_core_mito_in_query	4	coverage	4	gene_broad_network_case_aggregate	115	115	0	115	115	115	0	115	NA	NA	NA	0	0	coverage_below_0_80
mitochondrial_key_driver_selection_v1_filter_funnel_v1	independent_gate	broad_network_case	Microglia	case1_core_mito_in_query	5	aggregate_evidence	5	gene_broad_network_case_aggregate	115	2	113	2	115	2	113	2	NA	NA	NA	0	0	acat_q_above_0_05_or_not_testable
mitochondrial_key_driver_selection_v1_filter_funnel_v1	sequential_candidate_funnel	broad_network_case	Microglia	case2_core_mito_not_in_query	3	conservative_support	3	gene_broad_network_case_aggregate	366	1	365	1	366	1	365	1	NA	NA	NA	0	0	no_conservative_support
mitochondrial_key_driver_selection_v1_filter_funnel_v1	sequential_candidate_funnel	broad_network_case	Microglia	case2_core_mito_not_in_query	4	coverage	4	gene_broad_network_case_aggregate	1	1	0	1	1	1	0	1	NA	NA	NA	0	0	coverage_below_0_80
mitochondrial_key_driver_selection_v1_filter_funnel_v1	sequential_candidate_funnel	broad_network_case	Microglia	case2_core_mito_not_in_query	5	aggregate_evidence	5	gene_broad_network_case_aggregate	1	1	0	1	1	1	0	1	NA	NA	NA	0	0	acat_q_above_0_05_or_not_testable
mitochondrial_key_driver_selection_v1_filter_funnel_v1	independent_gate	broad_network_case	Microglia	case2_core_mito_not_in_query	3	conservative_support	3	gene_broad_network_case_aggregate	366	1	365	1	366	1	365	1	NA	NA	NA	0	0	no_conservative_support
mitochondrial_key_driver_selection_v1_filter_funnel_v1	independent_gate	broad_network_case	Microglia	case2_core_mito_not_in_query	4	coverage	4	gene_broad_network_case_aggregate	366	241	125	241	366	241	125	241	NA	NA	NA	0	0	coverage_below_0_80
mitochondrial_key_driver_selection_v1_filter_funnel_v1	independent_gate	broad_network_case	Microglia	case2_core_mito_not_in_query	5	aggregate_evidence	5	gene_broad_network_case_aggregate	366	1	365	1	366	1	365	1	NA	NA	NA	0	0	acat_q_above_0_05_or_not_testable
mitochondrial_key_driver_selection_v1_filter_funnel_v1	sequential_candidate_funnel	broad_network_case	Microglia	case3_not_core_mito	3	conservative_support	3	gene_broad_network_case_aggregate	4882	8	4874	8	4882	8	4874	8	NA	NA	NA	0	0	no_conservative_support
mitochondrial_key_driver_selection_v1_filter_funnel_v1	sequential_candidate_funnel	broad_network_case	Microglia	case3_not_core_mito	4	coverage	4	gene_broad_network_case_aggregate	8	6	2	6	8	6	2	6	NA	NA	NA	0	0	coverage_below_0_80
mitochondrial_key_driver_selection_v1_filter_funnel_v1	sequential_candidate_funnel	broad_network_case	Microglia	case3_not_core_mito	5	aggregate_evidence	5	gene_broad_network_case_aggregate	6	1	5	1	6	1	5	1	NA	NA	NA	0	0	acat_q_above_0_05_or_not_testable
mitochondrial_key_driver_selection_v1_filter_funnel_v1	independent_gate	broad_network_case	Microglia	case3_not_core_mito	3	conservative_support	3	gene_broad_network_case_aggregate	4882	8	4874	8	4882	8	4874	8	NA	NA	NA	0	0	no_conservative_support
mitochondrial_key_driver_selection_v1_filter_funnel_v1	independent_gate	broad_network_case	Microglia	case3_not_core_mito	4	coverage	4	gene_broad_network_case_aggregate	4882	3708	1174	3708	4882	3708	1174	3708	NA	NA	NA	0	0	coverage_below_0_80
mitochondrial_key_driver_selection_v1_filter_funnel_v1	independent_gate	broad_network_case	Microglia	case3_not_core_mito	5	aggregate_evidence	5	gene_broad_network_case_aggregate	4882	1	4881	1	4882	1	4881	1	NA	NA	NA	0	0	acat_q_above_0_05_or_not_testable
mitochondrial_key_driver_selection_v1_filter_funnel_v1	sequential_candidate_funnel	broad_network	OPCs	ALL	3	conservative_support	3	gene_broad_network_case_aggregate	7739	23	7716	23	7566	20	7547	20	NA	NA	NA	0	0	no_conservative_support
mitochondrial_key_driver_selection_v1_filter_funnel_v1	sequential_candidate_funnel	broad_network	OPCs	ALL	4	coverage	4	gene_broad_network_case_aggregate	23	23	0	23	20	20	0	20	NA	NA	NA	0	0	coverage_below_0_80
mitochondrial_key_driver_selection_v1_filter_funnel_v1	sequential_candidate_funnel	broad_network	OPCs	ALL	5	aggregate_evidence	5	gene_broad_network_case_aggregate	23	10	13	10	20	8	13	8	NA	NA	NA	0	0	acat_q_above_0_05_or_not_testable
mitochondrial_key_driver_selection_v1_filter_funnel_v1	independent_gate	broad_network	OPCs	ALL	3	conservative_support	3	gene_broad_network_case_aggregate	7739	23	7716	23	7566	20	7547	20	NA	NA	NA	0	0	no_conservative_support
mitochondrial_key_driver_selection_v1_filter_funnel_v1	independent_gate	broad_network	OPCs	ALL	4	coverage	4	gene_broad_network_case_aggregate	7739	6939	800	6939	7566	6781	800	6781	NA	NA	NA	0	0	coverage_below_0_80
mitochondrial_key_driver_selection_v1_filter_funnel_v1	independent_gate	broad_network	OPCs	ALL	5	aggregate_evidence	5	gene_broad_network_case_aggregate	7739	10	7729	10	7566	8	7560	8	NA	NA	NA	0	0	acat_q_above_0_05_or_not_testable
mitochondrial_key_driver_selection_v1_filter_funnel_v1	sequential_candidate_funnel	broad_network_case	OPCs	case1_core_mito_in_query	3	conservative_support	3	gene_broad_network_case_aggregate	173	4	169	4	173	4	169	4	NA	NA	NA	0	0	no_conservative_support
mitochondrial_key_driver_selection_v1_filter_funnel_v1	sequential_candidate_funnel	broad_network_case	OPCs	case1_core_mito_in_query	4	coverage	4	gene_broad_network_case_aggregate	4	4	0	4	4	4	0	4	NA	NA	NA	0	0	coverage_below_0_80
mitochondrial_key_driver_selection_v1_filter_funnel_v1	sequential_candidate_funnel	broad_network_case	OPCs	case1_core_mito_in_query	5	aggregate_evidence	5	gene_broad_network_case_aggregate	4	4	0	4	4	4	0	4	NA	NA	NA	0	0	acat_q_above_0_05_or_not_testable
mitochondrial_key_driver_selection_v1_filter_funnel_v1	independent_gate	broad_network_case	OPCs	case1_core_mito_in_query	3	conservative_support	3	gene_broad_network_case_aggregate	173	4	169	4	173	4	169	4	NA	NA	NA	0	0	no_conservative_support
mitochondrial_key_driver_selection_v1_filter_funnel_v1	independent_gate	broad_network_case	OPCs	case1_core_mito_in_query	4	coverage	4	gene_broad_network_case_aggregate	173	173	0	173	173	173	0	173	NA	NA	NA	0	0	coverage_below_0_80
mitochondrial_key_driver_selection_v1_filter_funnel_v1	independent_gate	broad_network_case	OPCs	case1_core_mito_in_query	5	aggregate_evidence	5	gene_broad_network_case_aggregate	173	4	169	4	173	4	169	4	NA	NA	NA	0	0	acat_q_above_0_05_or_not_testable
mitochondrial_key_driver_selection_v1_filter_funnel_v1	sequential_candidate_funnel	broad_network_case	OPCs	case2_core_mito_not_in_query	3	conservative_support	3	gene_broad_network_case_aggregate	585	4	581	4	585	4	581	4	NA	NA	NA	0	0	no_conservative_support
mitochondrial_key_driver_selection_v1_filter_funnel_v1	sequential_candidate_funnel	broad_network_case	OPCs	case2_core_mito_not_in_query	4	coverage	4	gene_broad_network_case_aggregate	4	4	0	4	4	4	0	4	NA	NA	NA	0	0	coverage_below_0_80
mitochondrial_key_driver_selection_v1_filter_funnel_v1	sequential_candidate_funnel	broad_network_case	OPCs	case2_core_mito_not_in_query	5	aggregate_evidence	5	gene_broad_network_case_aggregate	4	2	2	2	4	2	2	2	NA	NA	NA	0	0	acat_q_above_0_05_or_not_testable
mitochondrial_key_driver_selection_v1_filter_funnel_v1	independent_gate	broad_network_case	OPCs	case2_core_mito_not_in_query	3	conservative_support	3	gene_broad_network_case_aggregate	585	4	581	4	585	4	581	4	NA	NA	NA	0	0	no_conservative_support
mitochondrial_key_driver_selection_v1_filter_funnel_v1	independent_gate	broad_network_case	OPCs	case2_core_mito_not_in_query	4	coverage	4	gene_broad_network_case_aggregate	585	489	96	489	585	489	96	489	NA	NA	NA	0	0	coverage_below_0_80
mitochondrial_key_driver_selection_v1_filter_funnel_v1	independent_gate	broad_network_case	OPCs	case2_core_mito_not_in_query	5	aggregate_evidence	5	gene_broad_network_case_aggregate	585	2	583	2	585	2	583	2	NA	NA	NA	0	0	acat_q_above_0_05_or_not_testable
mitochondrial_key_driver_selection_v1_filter_funnel_v1	sequential_candidate_funnel	broad_network_case	OPCs	case3_not_core_mito	3	conservative_support	3	gene_broad_network_case_aggregate	6981	15	6966	15	6981	15	6966	15	NA	NA	NA	0	0	no_conservative_support
mitochondrial_key_driver_selection_v1_filter_funnel_v1	sequential_candidate_funnel	broad_network_case	OPCs	case3_not_core_mito	4	coverage	4	gene_broad_network_case_aggregate	15	15	0	15	15	15	0	15	NA	NA	NA	0	0	coverage_below_0_80
mitochondrial_key_driver_selection_v1_filter_funnel_v1	sequential_candidate_funnel	broad_network_case	OPCs	case3_not_core_mito	5	aggregate_evidence	5	gene_broad_network_case_aggregate	15	4	11	4	15	4	11	4	NA	NA	NA	0	0	acat_q_above_0_05_or_not_testable
mitochondrial_key_driver_selection_v1_filter_funnel_v1	independent_gate	broad_network_case	OPCs	case3_not_core_mito	3	conservative_support	3	gene_broad_network_case_aggregate	6981	15	6966	15	6981	15	6966	15	NA	NA	NA	0	0	no_conservative_support
mitochondrial_key_driver_selection_v1_filter_funnel_v1	independent_gate	broad_network_case	OPCs	case3_not_core_mito	4	coverage	4	gene_broad_network_case_aggregate	6981	6277	704	6277	6981	6277	704	6277	NA	NA	NA	0	0	coverage_below_0_80
mitochondrial_key_driver_selection_v1_filter_funnel_v1	independent_gate	broad_network_case	OPCs	case3_not_core_mito	5	aggregate_evidence	5	gene_broad_network_case_aggregate	6981	4	6977	4	6981	4	6977	4	NA	NA	NA	0	0	acat_q_above_0_05_or_not_testable
mitochondrial_key_driver_selection_v1_filter_funnel_v1	sequential_candidate_funnel	broad_network	Oligodendrocytes	ALL	3	conservative_support	3	gene_broad_network_case_aggregate	4675	4	4671	4	4632	4	4631	4	NA	NA	NA	0	0	no_conservative_support
mitochondrial_key_driver_selection_v1_filter_funnel_v1	sequential_candidate_funnel	broad_network	Oligodendrocytes	ALL	4	coverage	4	gene_broad_network_case_aggregate	4	4	0	4	4	4	0	4	NA	NA	NA	0	0	coverage_below_0_80
mitochondrial_key_driver_selection_v1_filter_funnel_v1	sequential_candidate_funnel	broad_network	Oligodendrocytes	ALL	5	aggregate_evidence	5	gene_broad_network_case_aggregate	4	3	1	3	4	3	1	3	NA	NA	NA	0	0	acat_q_above_0_05_or_not_testable
mitochondrial_key_driver_selection_v1_filter_funnel_v1	independent_gate	broad_network	Oligodendrocytes	ALL	3	conservative_support	3	gene_broad_network_case_aggregate	4675	4	4671	4	4632	4	4631	4	NA	NA	NA	0	0	no_conservative_support
mitochondrial_key_driver_selection_v1_filter_funnel_v1	independent_gate	broad_network	Oligodendrocytes	ALL	4	coverage	4	gene_broad_network_case_aggregate	4675	4675	0	4675	4632	4632	0	4632	NA	NA	NA	0	0	coverage_below_0_80
mitochondrial_key_driver_selection_v1_filter_funnel_v1	independent_gate	broad_network	Oligodendrocytes	ALL	5	aggregate_evidence	5	gene_broad_network_case_aggregate	4675	3	4672	3	4632	3	4631	3	NA	NA	NA	0	0	acat_q_above_0_05_or_not_testable
mitochondrial_key_driver_selection_v1_filter_funnel_v1	sequential_candidate_funnel	broad_network_case	Oligodendrocytes	case1_core_mito_in_query	3	conservative_support	3	gene_broad_network_case_aggregate	43	3	40	3	43	3	40	3	NA	NA	NA	0	0	no_conservative_support
mitochondrial_key_driver_selection_v1_filter_funnel_v1	sequential_candidate_funnel	broad_network_case	Oligodendrocytes	case1_core_mito_in_query	4	coverage	4	gene_broad_network_case_aggregate	3	3	0	3	3	3	0	3	NA	NA	NA	0	0	coverage_below_0_80
mitochondrial_key_driver_selection_v1_filter_funnel_v1	sequential_candidate_funnel	broad_network_case	Oligodendrocytes	case1_core_mito_in_query	5	aggregate_evidence	5	gene_broad_network_case_aggregate	3	2	1	2	3	2	1	2	NA	NA	NA	0	0	acat_q_above_0_05_or_not_testable
mitochondrial_key_driver_selection_v1_filter_funnel_v1	independent_gate	broad_network_case	Oligodendrocytes	case1_core_mito_in_query	3	conservative_support	3	gene_broad_network_case_aggregate	43	3	40	3	43	3	40	3	NA	NA	NA	0	0	no_conservative_support
mitochondrial_key_driver_selection_v1_filter_funnel_v1	independent_gate	broad_network_case	Oligodendrocytes	case1_core_mito_in_query	4	coverage	4	gene_broad_network_case_aggregate	43	43	0	43	43	43	0	43	NA	NA	NA	0	0	coverage_below_0_80
mitochondrial_key_driver_selection_v1_filter_funnel_v1	independent_gate	broad_network_case	Oligodendrocytes	case1_core_mito_in_query	5	aggregate_evidence	5	gene_broad_network_case_aggregate	43	2	41	2	43	2	41	2	NA	NA	NA	0	0	acat_q_above_0_05_or_not_testable
mitochondrial_key_driver_selection_v1_filter_funnel_v1	sequential_candidate_funnel	broad_network_case	Oligodendrocytes	case2_core_mito_not_in_query	3	conservative_support	3	gene_broad_network_case_aggregate	311	0	311	0	311	0	311	0	NA	NA	NA	0	0	no_conservative_support
mitochondrial_key_driver_selection_v1_filter_funnel_v1	sequential_candidate_funnel	broad_network_case	Oligodendrocytes	case2_core_mito_not_in_query	4	coverage	4	gene_broad_network_case_aggregate	0	0	0	0	0	0	0	0	NA	NA	NA	0	0	coverage_below_0_80
mitochondrial_key_driver_selection_v1_filter_funnel_v1	sequential_candidate_funnel	broad_network_case	Oligodendrocytes	case2_core_mito_not_in_query	5	aggregate_evidence	5	gene_broad_network_case_aggregate	0	0	0	0	0	0	0	0	NA	NA	NA	0	0	acat_q_above_0_05_or_not_testable
mitochondrial_key_driver_selection_v1_filter_funnel_v1	independent_gate	broad_network_case	Oligodendrocytes	case2_core_mito_not_in_query	3	conservative_support	3	gene_broad_network_case_aggregate	311	0	311	0	311	0	311	0	NA	NA	NA	0	0	no_conservative_support
mitochondrial_key_driver_selection_v1_filter_funnel_v1	independent_gate	broad_network_case	Oligodendrocytes	case2_core_mito_not_in_query	4	coverage	4	gene_broad_network_case_aggregate	311	311	0	311	311	311	0	311	NA	NA	NA	0	0	coverage_below_0_80
mitochondrial_key_driver_selection_v1_filter_funnel_v1	independent_gate	broad_network_case	Oligodendrocytes	case2_core_mito_not_in_query	5	aggregate_evidence	5	gene_broad_network_case_aggregate	311	0	311	0	311	0	311	0	NA	NA	NA	0	0	acat_q_above_0_05_or_not_testable
mitochondrial_key_driver_selection_v1_filter_funnel_v1	sequential_candidate_funnel	broad_network_case	Oligodendrocytes	case3_not_core_mito	3	conservative_support	3	gene_broad_network_case_aggregate	4321	1	4320	1	4321	1	4320	1	NA	NA	NA	0	0	no_conservative_support
mitochondrial_key_driver_selection_v1_filter_funnel_v1	sequential_candidate_funnel	broad_network_case	Oligodendrocytes	case3_not_core_mito	4	coverage	4	gene_broad_network_case_aggregate	1	1	0	1	1	1	0	1	NA	NA	NA	0	0	coverage_below_0_80
mitochondrial_key_driver_selection_v1_filter_funnel_v1	sequential_candidate_funnel	broad_network_case	Oligodendrocytes	case3_not_core_mito	5	aggregate_evidence	5	gene_broad_network_case_aggregate	1	1	0	1	1	1	0	1	NA	NA	NA	0	0	acat_q_above_0_05_or_not_testable
mitochondrial_key_driver_selection_v1_filter_funnel_v1	independent_gate	broad_network_case	Oligodendrocytes	case3_not_core_mito	3	conservative_support	3	gene_broad_network_case_aggregate	4321	1	4320	1	4321	1	4320	1	NA	NA	NA	0	0	no_conservative_support
mitochondrial_key_driver_selection_v1_filter_funnel_v1	independent_gate	broad_network_case	Oligodendrocytes	case3_not_core_mito	4	coverage	4	gene_broad_network_case_aggregate	4321	4321	0	4321	4321	4321	0	4321	NA	NA	NA	0	0	coverage_below_0_80
mitochondrial_key_driver_selection_v1_filter_funnel_v1	independent_gate	broad_network_case	Oligodendrocytes	case3_not_core_mito	5	aggregate_evidence	5	gene_broad_network_case_aggregate	4321	1	4320	1	4321	1	4320	1	NA	NA	NA	0	0	acat_q_above_0_05_or_not_testable
mitochondrial_key_driver_selection_v1_filter_funnel_v1	sequential_candidate_funnel	broad_network	Vasculature_cells	ALL	3	conservative_support	3	gene_broad_network_case_aggregate	3686	4	3682	4	3686	4	3682	4	NA	NA	NA	0	0	no_conservative_support
mitochondrial_key_driver_selection_v1_filter_funnel_v1	sequential_candidate_funnel	broad_network	Vasculature_cells	ALL	4	coverage	4	gene_broad_network_case_aggregate	4	4	0	4	4	4	0	4	NA	NA	NA	0	0	coverage_below_0_80
mitochondrial_key_driver_selection_v1_filter_funnel_v1	sequential_candidate_funnel	broad_network	Vasculature_cells	ALL	5	aggregate_evidence	5	gene_broad_network_case_aggregate	4	4	0	4	4	4	0	4	NA	NA	NA	0	0	acat_q_above_0_05_or_not_testable
mitochondrial_key_driver_selection_v1_filter_funnel_v1	independent_gate	broad_network	Vasculature_cells	ALL	3	conservative_support	3	gene_broad_network_case_aggregate	3686	4	3682	4	3686	4	3682	4	NA	NA	NA	0	0	no_conservative_support
mitochondrial_key_driver_selection_v1_filter_funnel_v1	independent_gate	broad_network	Vasculature_cells	ALL	4	coverage	4	gene_broad_network_case_aggregate	3686	3686	0	3686	3686	3686	0	3686	NA	NA	NA	0	0	coverage_below_0_80
mitochondrial_key_driver_selection_v1_filter_funnel_v1	independent_gate	broad_network	Vasculature_cells	ALL	5	aggregate_evidence	5	gene_broad_network_case_aggregate	3686	4	3682	4	3686	4	3682	4	NA	NA	NA	0	0	acat_q_above_0_05_or_not_testable
mitochondrial_key_driver_selection_v1_filter_funnel_v1	sequential_candidate_funnel	broad_network_case	Vasculature_cells	case1_core_mito_in_query	3	conservative_support	3	gene_broad_network_case_aggregate	18	4	14	4	18	4	14	4	NA	NA	NA	0	0	no_conservative_support
mitochondrial_key_driver_selection_v1_filter_funnel_v1	sequential_candidate_funnel	broad_network_case	Vasculature_cells	case1_core_mito_in_query	4	coverage	4	gene_broad_network_case_aggregate	4	4	0	4	4	4	0	4	NA	NA	NA	0	0	coverage_below_0_80
mitochondrial_key_driver_selection_v1_filter_funnel_v1	sequential_candidate_funnel	broad_network_case	Vasculature_cells	case1_core_mito_in_query	5	aggregate_evidence	5	gene_broad_network_case_aggregate	4	4	0	4	4	4	0	4	NA	NA	NA	0	0	acat_q_above_0_05_or_not_testable
mitochondrial_key_driver_selection_v1_filter_funnel_v1	independent_gate	broad_network_case	Vasculature_cells	case1_core_mito_in_query	3	conservative_support	3	gene_broad_network_case_aggregate	18	4	14	4	18	4	14	4	NA	NA	NA	0	0	no_conservative_support
mitochondrial_key_driver_selection_v1_filter_funnel_v1	independent_gate	broad_network_case	Vasculature_cells	case1_core_mito_in_query	4	coverage	4	gene_broad_network_case_aggregate	18	18	0	18	18	18	0	18	NA	NA	NA	0	0	coverage_below_0_80
mitochondrial_key_driver_selection_v1_filter_funnel_v1	independent_gate	broad_network_case	Vasculature_cells	case1_core_mito_in_query	5	aggregate_evidence	5	gene_broad_network_case_aggregate	18	4	14	4	18	4	14	4	NA	NA	NA	0	0	acat_q_above_0_05_or_not_testable
mitochondrial_key_driver_selection_v1_filter_funnel_v1	sequential_candidate_funnel	broad_network_case	Vasculature_cells	case2_core_mito_not_in_query	3	conservative_support	3	gene_broad_network_case_aggregate	209	0	209	0	209	0	209	0	NA	NA	NA	0	0	no_conservative_support
mitochondrial_key_driver_selection_v1_filter_funnel_v1	sequential_candidate_funnel	broad_network_case	Vasculature_cells	case2_core_mito_not_in_query	4	coverage	4	gene_broad_network_case_aggregate	0	0	0	0	0	0	0	0	NA	NA	NA	0	0	coverage_below_0_80
mitochondrial_key_driver_selection_v1_filter_funnel_v1	sequential_candidate_funnel	broad_network_case	Vasculature_cells	case2_core_mito_not_in_query	5	aggregate_evidence	5	gene_broad_network_case_aggregate	0	0	0	0	0	0	0	0	NA	NA	NA	0	0	acat_q_above_0_05_or_not_testable
mitochondrial_key_driver_selection_v1_filter_funnel_v1	independent_gate	broad_network_case	Vasculature_cells	case2_core_mito_not_in_query	3	conservative_support	3	gene_broad_network_case_aggregate	209	0	209	0	209	0	209	0	NA	NA	NA	0	0	no_conservative_support
mitochondrial_key_driver_selection_v1_filter_funnel_v1	independent_gate	broad_network_case	Vasculature_cells	case2_core_mito_not_in_query	4	coverage	4	gene_broad_network_case_aggregate	209	209	0	209	209	209	0	209	NA	NA	NA	0	0	coverage_below_0_80
mitochondrial_key_driver_selection_v1_filter_funnel_v1	independent_gate	broad_network_case	Vasculature_cells	case2_core_mito_not_in_query	5	aggregate_evidence	5	gene_broad_network_case_aggregate	209	0	209	0	209	0	209	0	NA	NA	NA	0	0	acat_q_above_0_05_or_not_testable
mitochondrial_key_driver_selection_v1_filter_funnel_v1	sequential_candidate_funnel	broad_network_case	Vasculature_cells	case3_not_core_mito	3	conservative_support	3	gene_broad_network_case_aggregate	3459	0	3459	0	3459	0	3459	0	NA	NA	NA	0	0	no_conservative_support
mitochondrial_key_driver_selection_v1_filter_funnel_v1	sequential_candidate_funnel	broad_network_case	Vasculature_cells	case3_not_core_mito	4	coverage	4	gene_broad_network_case_aggregate	0	0	0	0	0	0	0	0	NA	NA	NA	0	0	coverage_below_0_80
mitochondrial_key_driver_selection_v1_filter_funnel_v1	sequential_candidate_funnel	broad_network_case	Vasculature_cells	case3_not_core_mito	5	aggregate_evidence	5	gene_broad_network_case_aggregate	0	0	0	0	0	0	0	0	NA	NA	NA	0	0	acat_q_above_0_05_or_not_testable
mitochondrial_key_driver_selection_v1_filter_funnel_v1	independent_gate	broad_network_case	Vasculature_cells	case3_not_core_mito	3	conservative_support	3	gene_broad_network_case_aggregate	3459	0	3459	0	3459	0	3459	0	NA	NA	NA	0	0	no_conservative_support
mitochondrial_key_driver_selection_v1_filter_funnel_v1	independent_gate	broad_network_case	Vasculature_cells	case3_not_core_mito	4	coverage	4	gene_broad_network_case_aggregate	3459	3459	0	3459	3459	3459	0	3459	NA	NA	NA	0	0	coverage_below_0_80
mitochondrial_key_driver_selection_v1_filter_funnel_v1	independent_gate	broad_network_case	Vasculature_cells	case3_not_core_mito	5	aggregate_evidence	5	gene_broad_network_case_aggregate	3459	0	3459	0	3459	0	3459	0	NA	NA	NA	0	0	acat_q_above_0_05_or_not_testable
